times,errors
13.929722348,1.202044264276116e-6
20.862800747,2.5417635642630346e-7
