times,errors
0.998938484,7.461006812370385e-11
