times,errors
0.080194491,3.198444902818842e-7
0.087282448,5.107264396397859e-7
0.120697574,2.383392257165884e-8
0.165759212,5.308854869601198e-9
