times,errors
0.020158307,1.6687507847223948e-6
0.033718676,1.0207486289548484e-7
0.055651712,2.825284338425771e-8
0.089015821,1.6066750763155113e-8
