times,errors
25.149801437,2.3839011912179034e-6
34.239483777,3.735656122581116e-7
