times,errors
0.103629361,3.7139170803394267e-6
0.129490947,1.613326467263948e-6
0.193228945,3.3819421000128025e-7
0.278780268,5.1058483068258664e-8
