times,errors
222.991650824,8.696510465893296e-6
327.124698721,1.0740358918230933e-6
