times,errors
170.602398567,7.056328038869273e-5
265.325042073,4.618375007316584e-6
