times,errors
0.060864401,1.8754800162354077e-5
0.054293667,1.187330384250923e-6
0.085126842,1.8253596638893865e-7
0.123602348,4.324585974567474e-8
