times,errors
1.893221402,2.3383074122806935e-11
